id,title,created_at
1,Conversation started by User 2 at 2025-01-02 11:45:33.673279,2025-01-02 11:45:33.673279
2,New Conversation,2025-01-03 15:10:29.508722
3,New Conversation,2025-01-04 05:56:25.805964
4,New Conversation,2025-01-04 07:34:21.376306
5,New Conversation,2025-01-07 08:49:23.121551
6,New Conversation,2025-01-11 07:35:01.605142
7,New Conversation,2025-01-12 07:13:49.915792
8,New Conversation,2025-01-14 10:11:41.725120
9,New Conversation,2025-01-14 10:21:50.107840
10,New Conversation,2025-01-18 07:38:21.645009
11,New Conversation,2025-01-25 06:35:08.079672
12,New Conversation,2025-01-25 07:33:23.469335
13,New Conversation,2025-01-28 11:37:19.489398
14,New Conversation,2025-02-01 04:22:38.263962
15,New Conversation,2025-02-01 07:14:22.136108
16,New Conversation,2025-02-01 08:46:59.673181
17,New Conversation,2025-02-04 11:34:57.548281
18,New Conversation,2025-02-04 11:35:59.148660
19,New Conversation,2025-02-08 06:25:35.374010
20,New Conversation,2025-02-08 07:29:21.243095
21,New Conversation,2025-02-11 11:28:25.064799
22,New Conversation,2025-02-15 07:21:43.583119
23,New Conversation,2025-02-15 07:27:23.539815
24,New Conversation,2025-03-01 08:45:06.478535
25,New Conversation,2025-03-08 07:09:01.941587
26,New Conversation,2025-03-11 11:31:13.531047
27,New Conversation,2025-03-15 05:59:39.782331
28,New Conversation,2025-03-15 06:50:58.184676
29,New Conversation,2025-03-16 06:17:39.975496
30,New Conversation,2025-03-16 06:36:18.421261
31,New Conversation,2025-03-16 07:18:05.814534
32,New Conversation,2025-03-22 03:45:11.715807
33,New Conversation,2025-03-23 06:20:47.434051
34,New Conversation,2025-03-25 10:57:50.026104
35,New Conversation,2025-03-25 16:14:20.163453
36,New Conversation,2025-03-29 07:49:20.768829
37,New Conversation,2025-03-30 07:09:47.572793
38,New Conversation,2025-03-30 14:48:46.480733
39,New Conversation,2025-03-30 16:03:18.329603
40,New Conversation,2025-03-30 16:11:13.349074
41,New Conversation,2025-03-30 16:11:22.502965
42,New Conversation,2025-04-05 03:41:58.131528
43,New Conversation,2025-04-05 09:37:40.029389
44,New Conversation,2025-04-08 11:29:17.000413
45,New Conversation,2025-04-19 04:07:24.824972
46,New Conversation,2025-04-19 06:45:49.707456
47,New Conversation,2025-04-19 08:21:23.329264
48,New Conversation,2025-04-20 06:15:15.989430
49,New Conversation,2025-04-22 11:40:40.786068
50,New Conversation,2025-04-26 03:15:20.648979
51,New Conversation,2025-04-26 03:46:05.505689
52,New Conversation,2025-04-26 03:50:14.468471
53,New Conversation,2025-04-26 03:50:24.275364
54,New Conversation,2025-04-26 03:52:01.714617
55,New Conversation,2025-04-26 07:36:43.193733
56,New Conversation,2025-04-27 05:55:02.743855
57,New Conversation,2025-04-27 07:11:00.215811
58,New Conversation,2025-04-29 10:09:43.948630
59,New Conversation,2025-04-29 11:04:44.330606
60,New Conversation,2025-05-03 02:31:52.327064
61,New Conversation,2025-05-03 03:35:46.536995
62,New Conversation,2025-05-03 05:40:13.213286
63,New Conversation,2025-05-03 07:32:39.800628
64,New Conversation,2025-05-04 07:17:27.382189
65,New Conversation,2025-05-06 09:28:13.584600
66,New Conversation,2025-05-06 10:17:40.908554
67,New Conversation,2025-05-06 10:56:10.715639
68,New Conversation,2025-05-10 02:03:00.916604
69,New Conversation,2025-05-10 03:45:57.375086
70,New Conversation,2025-05-10 05:46:40.341381
71,New Conversation,2025-05-10 05:46:47.180709
72,New Conversation,2025-05-10 06:04:48.058501
73,New Conversation,2025-05-10 07:32:03.579482
74,New Conversation,2025-05-10 08:23:42.413792
75,New Conversation,2025-05-13 11:28:01.638237
76,New Conversation,2025-05-17 02:50:49.936161
77,New Conversation,2025-05-17 03:48:08.759977
78,New Conversation,2025-05-17 08:43:18.813274
79,New Conversation,2025-05-18 06:11:49.746912
80,New Conversation,2025-05-20 11:37:15.999903
81,New Conversation,2025-05-24 02:47:35.085252
82,New Conversation,2025-05-24 04:19:56.730640
83,New Conversation,2025-05-24 07:31:07.600628
84,New Conversation,2025-05-25 07:01:42.081920
85,New Conversation,2025-05-27 11:17:03.792106
86,New Conversation,2025-05-31 02:50:27.815879
87,New Conversation,2025-05-31 03:36:34.102001
88,New Conversation,2025-05-31 07:07:15.962929
89,New Conversation,2025-05-31 08:06:55.852541
90,New Conversation,2025-05-31 08:41:16.434747
91,New Conversation,2025-06-01 05:58:55.665463
92,New Conversation,2025-06-07 02:01:52.962152
93,New Conversation,2025-06-07 03:33:22.772404
94,New Conversation,2025-06-07 06:03:19.798343
95,New Conversation,2025-06-07 07:06:40.339506
96,New Conversation,2025-06-07 07:34:25.800353
97,New Conversation,2025-06-07 08:00:38.795872
98,New Conversation,2025-06-08 05:54:01.213259
99,New Conversation,2025-06-08 07:18:29.359654
100,New Conversation,2025-06-10 10:17:57.987128
101,New Conversation,2025-06-10 10:18:36.647809
102,New Conversation,2025-06-10 10:52:37.629105
103,New Conversation,2025-06-14 04:19:01.633939
104,New Conversation,2025-06-14 06:18:35.671354
105,New Conversation,2025-06-14 07:06:57.995477
106,New Conversation,2025-06-14 07:35:59.290691
107,New Conversation,2025-06-14 07:40:47.960296
108,New Conversation,2025-06-14 08:30:39.036821
109,New Conversation,2025-06-15 07:28:43.466380
110,Conversation started by ben at 2025-06-16 14:26:27.625028,2025-06-16 14:26:27.626109
111,Conversation started by ben at 2025-06-16 14:27:57.561746,2025-06-16 14:27:57.561746
112,Conversation started by ben at 2025-06-16 14:31:24.886722,2025-06-16 14:31:24.887719
113,Conversation started by ben at 2025-06-16 14:31:43.914594,2025-06-16 14:31:43.915591
114,Conversation started by ben at 2025-06-16 14:32:48.113925,2025-06-16 14:32:48.115014
115,Conversation started by ben at 2025-06-16 14:33:51.617359,2025-06-16 14:33:51.617359
116,Conversation started by ben at 2025-06-16 14:38:54.782946,2025-06-16 14:38:54.783917
117,Conversation started by ben at 2025-06-16 14:39:57.228564,2025-06-16 14:39:57.229576
118,Conversation started by ben at 2025-06-16 14:41:59.910984,2025-06-16 14:41:59.911980
119,Conversation started by ben at 2025-06-16 14:46:08.251192,2025-06-16 14:46:08.254319
120,Conversation started by ben at 2025-06-16 14:47:14.087996,2025-06-16 14:47:14.088938
121,New Conversation,2025-06-16 14:54:05.240854
122,Conversation with ben - 2025-06-16 14:54,2025-06-16 14:54:13.841366
123,Conversation with blossomstudent06 - 2025-06-17 10:29,2025-06-17 10:29:56.314255
124,Conversation with blossomstudent27 - 2025-06-17 11:30,2025-06-17 11:30:30.944547
125,Conversation with ben - 2025-06-17 11:31,2025-06-17 11:31:16.891652
126,New Conversation,2025-06-21 02:55:59.098000
127,New Conversation,2025-06-21 02:56:56.500417
128,New Conversation,2025-06-21 03:36:30.066978
129,New Conversation,2025-06-21 06:04:24.356755
130,New Conversation,2025-06-21 07:16:48.222522
131,New Conversation,2025-06-21 07:36:09.632460
132,New Conversation,2025-06-22 06:11:04.610704
133,New Conversation,2025-06-24 10:28:18.647447
134,New Conversation,2025-06-24 11:31:43.366348
135,New Conversation,2025-06-28 03:16:46.555105
136,New Conversation,2025-06-28 04:46:04.486663
137,New Conversation,2025-06-28 06:05:55.849619
138,New Conversation,2025-06-28 06:16:46.019291
139,New Conversation,2025-06-28 07:11:42.350253
140,New Conversation,2025-06-28 07:40:48.075855
141,New Conversation,2025-06-29 08:22:43.822686
142,New Conversation,2025-07-05 02:44:30.116624
143,New Conversation,2025-07-05 06:25:19.079085
144,New Conversation,2025-07-05 08:33:40.678067
145,New Conversation,2025-07-29 10:35:03.375798
146,New Conversation,2025-07-29 11:33:27.766490
147,New Conversation,2025-07-29 11:34:32.606478
148,New Conversation,2025-08-02 02:04:08.071596
149,New Conversation,2025-08-02 05:58:49.137528
150,New Conversation,2025-08-02 07:45:21.869571
151,New Conversation,2025-08-05 10:37:17.697403
152,New Conversation,2025-08-05 11:07:03.727202
153,New Conversation,2025-08-09 02:29:55.177562
154,New Conversation,2025-08-09 02:34:56.542960
155,New Conversation,2025-08-09 03:34:23.058604
156,New Conversation,2025-08-09 06:01:11.391991
