name,slug,domain,course_id,description,difficulty,value
Up The Mountain,1fhcutscene1b,www.ozaria.com,5d41d731a8d1836b5aa3cba1,No description provided.,Easy,1
Following the Signs,1fhm1l1l1b,www.ozaria.com,5d41d731a8d1836b5aa3cba1,No description provided.,Easy,1
Around the Pond,1fhm1l1l2b,www.ozaria.com,5d41d731a8d1836b5aa3cba1,No description provided.,Easy,1
The Lonely Tower,1fhm1l1l3b,www.ozaria.com,5d41d731a8d1836b5aa3cba1,No description provided.,Easy,1
Tower Climb,1fhm1l1l4b,www.ozaria.com,5d41d731a8d1836b5aa3cba1,No description provided.,Easy,1
Escalation,1fhm1l1l5b,www.ozaria.com,5d41d731a8d1836b5aa3cba1,No description provided.,Easy,1
Stairway to Mystery,1fhm1l1l6b,www.ozaria.com,5d41d731a8d1836b5aa3cba1,No description provided.,Easy,1
The Acodus,1fhm1l1l8b,www.ozaria.com,5d41d731a8d1836b5aa3cba1,No description provided.,Easy,1
The Spirit Lands,1fhcutscene2b,www.ozaria.com,5d41d731a8d1836b5aa3cba1,No description provided.,Easy,1
Fixing the Light,1fhm1l2intro1b,www.ozaria.com,5d41d731a8d1836b5aa3cba1,No description provided.,Easy,1
Building a Path,1fhm1l2l1b,www.ozaria.com,5d41d731a8d1836b5aa3cba1,No description provided.,Easy,1
Building Stuff,1fhm1l2intro2b,www.ozaria.com,5d41d731a8d1836b5aa3cba1,No description provided.,Easy,1
Helping Hands,1fhm1l2l2b,www.ozaria.com,5d41d731a8d1836b5aa3cba1,No description provided.,Easy,1
Luminous,1fhm1l2l4b,www.ozaria.com,5d41d731a8d1836b5aa3cba1,No description provided.,Easy,1
Spirited Away,1fhm1l2l5b,www.ozaria.com,5d41d731a8d1836b5aa3cba1,No description provided.,Easy,1
Crystal Clear,1fhm1l2l6b,www.ozaria.com,5d41d731a8d1836b5aa3cba1,No description provided.,Easy,1
A Better World,1fhm1l2outrob,www.ozaria.com,5d41d731a8d1836b5aa3cba1,No description provided.,Easy,1
Darkness is Coming,1fhcutscene3b,www.ozaria.com,5d41d731a8d1836b5aa3cba1,No description provided.,Easy,1
Trapping Darkness,1fhm1l3intro1b,www.ozaria.com,5d41d731a8d1836b5aa3cba1,No description provided.,Easy,1
Gauntlet,1fhcapstoneb,www.ozaria.com,5d41d731a8d1836b5aa3cba1,No description provided.,Easy,1
Builder Things,1fhm1l3intro2b,www.ozaria.com,5d41d731a8d1836b5aa3cba1,No description provided.,Easy,1
Finishing Touches,1fhm1l3intro3b,www.ozaria.com,5d41d731a8d1836b5aa3cba1,No description provided.,Easy,1
Trapping the Dark,1fhcutscene4b,www.ozaria.com,5d41d731a8d1836b5aa3cba1,No description provided.,Easy,1
The Beginning,1fhm1l3outrob,www.ozaria.com,5d41d731a8d1836b5aa3cba1,No description provided.,Easy,1
The Moon Dancers,1upm3l1intro1b,www.ozaria.com,5d8a57abe8919b28d5113af1,No description provided.,Medium,1.5
Two Steps,1upm3l1l1b,www.ozaria.com,5d8a57abe8919b28d5113af1,No description provided.,Medium,1.5
Of Variables and Mazes,1upm3l1intro2b,www.ozaria.com,5d8a57abe8919b28d5113af1,No description provided.,Medium,1.5
Changing Distance,1upm3l1l2b,www.ozaria.com,5d8a57abe8919b28d5113af1,No description provided.,Medium,1.5
Same Route,1upm3l1l3b,www.ozaria.com,5d8a57abe8919b28d5113af1,No description provided.,Medium,1.5
Own Steps,1upm3l1l4b,www.ozaria.com,5d8a57abe8919b28d5113af1,No description provided.,Medium,1.5
Remembering,1upm3l2intro1b,www.ozaria.com,5d8a57abe8919b28d5113af1,No description provided.,Medium,1.5
Gather Ye Totems,1upm3l2l1b,www.ozaria.com,5d8a57abe8919b28d5113af1,No description provided.,Medium,1.5
While Ye May,1upm3l2l2b,www.ozaria.com,5d8a57abe8919b28d5113af1,No description provided.,Medium,1.5
Old Time is Still a-Flying,1upm3l2l3b,www.ozaria.com,5d8a57abe8919b28d5113af1,No description provided.,Medium,1.5
Down for the Night,1upm3l2outrob,www.ozaria.com,5d8a57abe8919b28d5113af1,No description provided.,Medium,1.5
Strings and Illusions,1upm3l3intro1b,www.ozaria.com,5d8a57abe8919b28d5113af1,No description provided.,Medium,1.5
Mist Star,1upm3l3l1b,www.ozaria.com,5d8a57abe8919b28d5113af1,No description provided.,Medium,1.5
Hidden Strings,1upm3l3intro2b,www.ozaria.com,5d8a57abe8919b28d5113af1,No description provided.,Medium,1.5
Mistings,1upm3l3l2b,www.ozaria.com,5d8a57abe8919b28d5113af1,No description provided.,Medium,1.5
In Mist Together,1upm3l3l3b,www.ozaria.com,5d8a57abe8919b28d5113af1,No description provided.,Medium,1.5
Illusion Walkers,1upm3l3l4b,www.ozaria.com,5d8a57abe8919b28d5113af1,No description provided.,Medium,1.5
Finding the Unknown,1upm3l4intro1b,www.ozaria.com,5d8a57abe8919b28d5113af1,No description provided.,Medium,1.5
Spectacular Escape,1upm3l4l1b,www.ozaria.com,5d8a57abe8919b28d5113af1,No description provided.,Medium,1.5
Reassigning Strings,1upm3l4intro2b,www.ozaria.com,5d8a57abe8919b28d5113af1,No description provided.,Medium,1.5
Double Escape,1upm3l4l2b,www.ozaria.com,5d8a57abe8919b28d5113af1,No description provided.,Medium,1.5
Number Two,1upm3l4l3b,www.ozaria.com,5d8a57abe8919b28d5113af1,No description provided.,Medium,1.5
Double Pi,1upm3l4cl1b,www.ozaria.com,5d8a57abe8919b28d5113af1,No description provided.,Medium,1.5
Xing'chen,1upm3l4outrob,www.ozaria.com,5d8a57abe8919b28d5113af1,No description provided.,Medium,1.5
Xing'chen,1upm4l1intro1b,www.ozaria.com,5d8a57abe8919b28d5113af1,No description provided.,Medium,1.5
The Earth Academy,1upm4l1cutscene2,www.ozaria.com,5d8a57abe8919b28d5113af1,No description provided.,Medium,1.5
Finding Things,1upm4l1intro2b,www.ozaria.com,5d8a57abe8919b28d5113af1,No description provided.,Medium,1.5
Can Pass,1upm4l1l1b,www.ozaria.com,5d8a57abe8919b28d5113af1,No description provided.,Medium,1.5
Finding Conditionals,1upm4l1intro3b,www.ozaria.com,5d8a57abe8919b28d5113af1,No description provided.,Medium,1.5
Market Day,1upm4l1l2b,www.ozaria.com,5d8a57abe8919b28d5113af1,No description provided.,Medium,1.5
Narrow Streets,1upm4l1l3b,www.ozaria.com,5d8a57abe8919b28d5113af1,No description provided.,Medium,1.5
The Suspect,1upm4l1cl1b,www.ozaria.com,5d8a57abe8919b28d5113af1,No description provided.,Medium,1.5
The Thief,1upm4l1outrob,www.ozaria.com,5d8a57abe8919b28d5113af1,No description provided.,Medium,1.5
Distance Learning,1upm4l2intro1b,www.ozaria.com,5d8a57abe8919b28d5113af1,No description provided.,Medium,1.5
Long Way - Safe Way,1upm4l2l1b,www.ozaria.com,5d8a57abe8919b28d5113af1,No description provided.,Medium,1.5
Greater Than or Less,1upm4l2intro2b,www.ozaria.com,5d8a57abe8919b28d5113af1,No description provided.,Medium,1.5
One Mist Totem,1upm4l2l2b,www.ozaria.com,5d8a57abe8919b28d5113af1,No description provided.,Medium,1.5
One More Totem,1upm4l2l3b,www.ozaria.com,5d8a57abe8919b28d5113af1,No description provided.,Medium,1.5
Mist Alleys,1upm4l2l4b,www.ozaria.com,5d8a57abe8919b28d5113af1,No description provided.,Medium,1.5
Fighting Back,1upm4l2outrob,www.ozaria.com,5d8a57abe8919b28d5113af1,No description provided.,Medium,1.5
The Other Condition,1upm4l3intro1b,www.ozaria.com,5d8a57abe8919b28d5113af1,No description provided.,Medium,1.5
I'll be Back,1upm4l3l1b,www.ozaria.com,5d8a57abe8919b28d5113af1,No description provided.,Medium,1.5
Branching Details,1upm4l3intro2b,www.ozaria.com,5d8a57abe8919b28d5113af1,No description provided.,Medium,1.5
Playtime's Over,1upm4l3l2b,www.ozaria.com,5d8a57abe8919b28d5113af1,No description provided.,Medium,1.5
Alternative Magic,1upm4l3l3b,www.ozaria.com,5d8a57abe8919b28d5113af1,No description provided.,Medium,1.5
Earth Lines,1upm4l3l4b,www.ozaria.com,5d8a57abe8919b28d5113af1,No description provided.,Medium,1.5
Dark Jumper,1upm4l3cl1b,www.ozaria.com,5d8a57abe8919b28d5113af1,No description provided.,Medium,1.5
The City Saved,1upm4l3outrob,www.ozaria.com,5d8a57abe8919b28d5113af1,No description provided.,Medium,1.5
The Spirit Lands,1upm5l1intro1,www.ozaria.com,5d8a57abe8919b28d5113af1,No description provided.,Medium,1.5
Story Maker,1upcapstone,www.ozaria.com,5d8a57abe8919b28d5113af1,No description provided.,Medium,1.5
Dangers Unseen,1upm6l1cutscene3,www.ozaria.com,5d8a57abe8919b28d5113af1,No description provided.,Medium,1.5
Thawing Ice,1upm6l1outro,www.ozaria.com,5d8a57abe8919b28d5113af1,No description provided.,Medium,1.5
Searching for Star Wells,1upm1l1cutscene1,www.ozaria.com,5d8a57abe8919b28d5113af1,No description provided.,Medium,1.5
Down Twice,1upm1l1l1,www.ozaria.com,5d8a57abe8919b28d5113af1,No description provided.,Medium,1.5
A Fork in the Path,1upm1l1l2,www.ozaria.com,5d8a57abe8919b28d5113af1,No description provided.,Medium,1.5
Fruit Loop,1upm1l1l3,www.ozaria.com,5d8a57abe8919b28d5113af1,No description provided.,Medium,1.5
The Forest of the Fox,1upm1l1l4,www.ozaria.com,5d8a57abe8919b28d5113af1,No description provided.,Medium,1.5
Syntax Story,1upm1l1intro1,www.ozaria.com,5d8a57abe8919b28d5113af1,No description provided.,Medium,1.5
Hidden Path,1upm1l1l5,www.ozaria.com,5d8a57abe8919b28d5113af1,No description provided.,Medium,1.5
Silent Forest,1upm1l1l6,www.ozaria.com,5d8a57abe8919b28d5113af1,No description provided.,Medium,1.5
Over the River,1upm1l1l7,www.ozaria.com,5d8a57abe8919b28d5113af1,No description provided.,Medium,1.5
Broken Lands,1upm1l1l8,www.ozaria.com,5d8a57abe8919b28d5113af1,No description provided.,Medium,1.5
Unexpected Guest,1upm1l1l9,www.ozaria.com,5d8a57abe8919b28d5113af1,No description provided.,Medium,1.5
Ninjutsu,1upm1cl1,www.ozaria.com,5d8a57abe8919b28d5113af1,No description provided.,Medium,1.5
The Debugger,1upm1l1ending,www.ozaria.com,5d8a57abe8919b28d5113af1,No description provided.,Medium,1.5
A Bug's Life,1upm2l1intro1,www.ozaria.com,5d8a57abe8919b28d5113af1,No description provided.,Medium,1.5
Chasing Dinner,1upm2l1l1,www.ozaria.com,5d8a57abe8919b28d5113af1,No description provided.,Medium,1.5
Fox the Friend,1upm2l1l2,www.ozaria.com,5d8a57abe8919b28d5113af1,No description provided.,Medium,1.5
Dragon Traps,1upm2l1l3,www.ozaria.com,5d8a57abe8919b28d5113af1,No description provided.,Medium,1.5
Dark Waters,1upm2l1ending,www.ozaria.com,5d8a57abe8919b28d5113af1,No description provided.,Medium,1.5
Lights On,1upm2l2l1,www.ozaria.com,5d8a57abe8919b28d5113af1,No description provided.,Medium,1.5
Double Lockdown,1upm2l2l2,www.ozaria.com,5d8a57abe8919b28d5113af1,No description provided.,Medium,1.5
Trio,1upm2l2l3,www.ozaria.com,5d8a57abe8919b28d5113af1,No description provided.,Medium,1.5
Fading Shadows,1upm2cl1,www.ozaria.com,5d8a57abe8919b28d5113af1,No description provided.,Medium,1.5
A Hero's Work,1upm2l2ending,www.ozaria.com,5d8a57abe8919b28d5113af1,No description provided.,Medium,1.5
The Phoenix Lands,ch3m1l1cutscene1b,www.ozaria.com,5e27600d1c9d440000ac3ee7,No description provided.,Medium,2
The Phoenix Lands,ch3m1l1intro1b,www.ozaria.com,5e27600d1c9d440000ac3ee7,No description provided.,Medium,2
Pinefield,ch3m1l1l1b,www.ozaria.com,5e27600d1c9d440000ac3ee7,No description provided.,Medium,2
Forest Pace,ch3m1l1l2b,www.ozaria.com,5e27600d1c9d440000ac3ee7,No description provided.,Medium,2
Watch Out Tengshe,ch3m1l1l3b,www.ozaria.com,5e27600d1c9d440000ac3ee7,No description provided.,Medium,2
Ready or Not,ch3m1l1l4b,www.ozaria.com,5e27600d1c9d440000ac3ee7,No description provided.,Medium,2
A New Companion,ch3m1l1l5b,www.ozaria.com,5e27600d1c9d440000ac3ee7,No description provided.,Medium,2
Into Danger,ch3m1l2intro1b,www.ozaria.com,5e27600d1c9d440000ac3ee7,No description provided.,Medium,2
A Dog Named Mouse,ch3m1l2l1b,www.ozaria.com,5e27600d1c9d440000ac3ee7,No description provided.,Medium,2
Coding Mysteries,ch3m1l2intro2b,www.ozaria.com,5e27600d1c9d440000ac3ee7,No description provided.,Medium,2
Mouse's First Trick,ch3m1l2l2b,www.ozaria.com,5e27600d1c9d440000ac3ee7,No description provided.,Medium,2
Doggie Diversion,ch3m1l2l3b,www.ozaria.com,5e27600d1c9d440000ac3ee7,No description provided.,Medium,2
Variable Locomotion,ch3m1l2intro3b,www.ozaria.com,5e27600d1c9d440000ac3ee7,No description provided.,Medium,2
Six Minus,ch3m1l2l4b,www.ozaria.com,5e27600d1c9d440000ac3ee7,No description provided.,Medium,2
Distancing Yourself,ch3m1l2l5b,www.ozaria.com,5e27600d1c9d440000ac3ee7,No description provided.,Medium,2
Broken Line,ch3m1l2l6b,www.ozaria.com,5e27600d1c9d440000ac3ee7,No description provided.,Medium,2
Far Away Bridge,ch3m1l2cl1b,www.ozaria.com,5e27600d1c9d440000ac3ee7,No description provided.,Medium,2
New Old Friends,ch3m1l2outrob,www.ozaria.com,5e27600d1c9d440000ac3ee7,No description provided.,Medium,2
Cleaning the Mess,ch3m2l1intro1b,www.ozaria.com,5e27600d1c9d440000ac3ee7,No description provided.,Medium,2
Irrigation,ch3m2l1l1b,www.ozaria.com,5e27600d1c9d440000ac3ee7,No description provided.,Medium,2
For Loops,ch3m2l1intro2b,www.ozaria.com,5e27600d1c9d440000ac3ee7,No description provided.,Medium,2
Race for Water,ch3m2l1l2b,www.ozaria.com,5e27600d1c9d440000ac3ee7,No description provided.,Medium,2
Water Stairs,ch3m2l1l3b,www.ozaria.com,5e27600d1c9d440000ac3ee7,No description provided.,Medium,2
Changing Variables,ch3m2l1intro3b,www.ozaria.com,5e27600d1c9d440000ac3ee7,No description provided.,Medium,2
Lighting the Way,ch3m2l1l4b,www.ozaria.com,5e27600d1c9d440000ac3ee7,No description provided.,Medium,2
Incrementing Paths,ch3m2l1l5b,www.ozaria.com,5e27600d1c9d440000ac3ee7,No description provided.,Medium,2
Spiral Streets,ch3m2l1cl1b,www.ozaria.com,5e27600d1c9d440000ac3ee7,No description provided.,Medium,2
Inside Out,ch3m2l2intro1b,www.ozaria.com,5e27600d1c9d440000ac3ee7,No description provided.,Medium,2
Through Together,ch3m2l2l1b,www.ozaria.com,5e27600d1c9d440000ac3ee7,No description provided.,Medium,2
"Dig, Jump, Move, Repeat",ch3m2l2l2b,www.ozaria.com,5e27600d1c9d440000ac3ee7,No description provided.,Medium,2
Loopstraction,ch3m2l2l3b,www.ozaria.com,5e27600d1c9d440000ac3ee7,No description provided.,Medium,2
Long Step Stair,ch3m2l2l4b,www.ozaria.com,5e27600d1c9d440000ac3ee7,No description provided.,Medium,2
Plus Minus Bridges,ch3m2l2l5b,www.ozaria.com,5e27600d1c9d440000ac3ee7,No description provided.,Medium,2
Eye of the Storm,ch3m2l2cl1b,www.ozaria.com,5e27600d1c9d440000ac3ee7,No description provided.,Medium,2
Safe Inside?,ch3m2l2outrob,www.ozaria.com,5e27600d1c9d440000ac3ee7,No description provided.,Medium,2
Stolen Mouse,ch3m3l1cutscene2b,www.ozaria.com,5e27600d1c9d440000ac3ee7,No description provided.,Medium,2
Into the Storm,ch3m3l1intro1b,www.ozaria.com,5e27600d1c9d440000ac3ee7,No description provided.,Medium,2
For Mouse,ch3m3l1l1b,www.ozaria.com,5e27600d1c9d440000ac3ee7,No description provided.,Medium,2
For Within For,ch3m3l1intro2b,www.ozaria.com,5e27600d1c9d440000ac3ee7,No description provided.,Medium,2
For Inside,ch3m3l1l2b,www.ozaria.com,5e27600d1c9d440000ac3ee7,No description provided.,Medium,2
Triple Slalom,ch3m3l1l3b,www.ozaria.com,5e27600d1c9d440000ac3ee7,No description provided.,Medium,2
Serpentines,ch3m3l1l4b,www.ozaria.com,5e27600d1c9d440000ac3ee7,No description provided.,Medium,2
Haven Stairs,ch3m3l1l5b,www.ozaria.com,5e27600d1c9d440000ac3ee7,No description provided.,Medium,2
Dark Downstairs,ch3m3l1l6b,www.ozaria.com,5e27600d1c9d440000ac3ee7,No description provided.,Medium,2
Time Fog,ch3m3l2intro1b,www.ozaria.com,5e27600d1c9d440000ac3ee7,No description provided.,Medium,2
Blind Steps,ch3m3l2l1b,www.ozaria.com,5e27600d1c9d440000ac3ee7,No description provided.,Medium,2
A Loop in the Fog,ch3m3l2l2b,www.ozaria.com,5e27600d1c9d440000ac3ee7,No description provided.,Medium,2
I canMove,ch3m3l2intro2b,www.ozaria.com,5e27600d1c9d440000ac3ee7,No description provided.,Medium,2
Double Choice,ch3m3l2l3b,www.ozaria.com,5e27600d1c9d440000ac3ee7,No description provided.,Medium,2
Into the Unknown,ch3m3l2l4b,www.ozaria.com,5e27600d1c9d440000ac3ee7,No description provided.,Medium,2
Ifs Within Fors,ch3m3l2intro3b,www.ozaria.com,5e27600d1c9d440000ac3ee7,No description provided.,Medium,2
Storm Rising,ch3m3l2l5b,www.ozaria.com,5e27600d1c9d440000ac3ee7,No description provided.,Medium,2
Creeping Through the Tall Grass,ch3m3l2l6b,www.ozaria.com,5e27600d1c9d440000ac3ee7,No description provided.,Medium,2
Out of the Loop,ch3m3l2cl1b,www.ozaria.com,5e27600d1c9d440000ac3ee7,No description provided.,Medium,2
Mouse,ch3m3l2outrob,www.ozaria.com,5e27600d1c9d440000ac3ee7,No description provided.,Medium,2
Haven Lost,ch3m4l1intro1b,www.ozaria.com,5e27600d1c9d440000ac3ee7,No description provided.,Medium,2
Right Door,ch3m4l1l1b,www.ozaria.com,5e27600d1c9d440000ac3ee7,No description provided.,Medium,2
While Loops,ch3m4l1intro2b,www.ozaria.com,5e27600d1c9d440000ac3ee7,No description provided.,Medium,2
Knock Knock,ch3m4l1l2b,www.ozaria.com,5e27600d1c9d440000ac3ee7,No description provided.,Medium,2
Patience,ch3m4l1l3b,www.ozaria.com,5e27600d1c9d440000ac3ee7,No description provided.,Medium,2
While Twins,ch3m4l1l4b,www.ozaria.com,5e27600d1c9d440000ac3ee7,No description provided.,Medium,2
Shadow Behind,ch3m4l1l5b,www.ozaria.com,5e27600d1c9d440000ac3ee7,No description provided.,Medium,2
Lurking Danger,ch3m4l1outrob,www.ozaria.com,5e27600d1c9d440000ac3ee7,No description provided.,Medium,2
Ifs Within Whiles,ch3m4l2intro1b,www.ozaria.com,5e27600d1c9d440000ac3ee7,No description provided.,Medium,2
"Be Slow, Be Quick",ch3m4l2l1b,www.ozaria.com,5e27600d1c9d440000ac3ee7,No description provided.,Medium,2
One Step Up,ch3m4l2l2b,www.ozaria.com,5e27600d1c9d440000ac3ee7,No description provided.,Medium,2
Charge the Time,ch3m4l2cl1b,www.ozaria.com,5e27600d1c9d440000ac3ee7,No description provided.,Medium,2
The Time Totem,ch3m4l2outrob,www.ozaria.com,5e27600d1c9d440000ac3ee7,No description provided.,Medium,2
Resetting Time,ch3m4l3intro1b,www.ozaria.com,5e27600d1c9d440000ac3ee7,No description provided.,Medium,2
Lost in Time,ch3m4l3l1b,www.ozaria.com,5e27600d1c9d440000ac3ee7,No description provided.,Medium,2
Counting While Loops,ch3m4l3intro2b,www.ozaria.com,5e27600d1c9d440000ac3ee7,No description provided.,Medium,2
Time Call,ch3m4l3l2b,www.ozaria.com,5e27600d1c9d440000ac3ee7,No description provided.,Medium,2
Time Swap,ch3m4l3l3b,www.ozaria.com,5e27600d1c9d440000ac3ee7,No description provided.,Medium,2
Tempus Fugit,ch3m4l3l4b,www.ozaria.com,5e27600d1c9d440000ac3ee7,No description provided.,Medium,2
Tempus Impetus,ch3m4l3cl1b,www.ozaria.com,5e27600d1c9d440000ac3ee7,No description provided.,Medium,2
Salazar,ch3m4l3outrob,www.ozaria.com,5e27600d1c9d440000ac3ee7,No description provided.,Medium,2
The Last Star Well,ch3m5l1intro1b,www.ozaria.com,5e27600d1c9d440000ac3ee7,No description provided.,Medium,2
Dangerous Skies,ch3capstoneb,www.ozaria.com,5e27600d1c9d440000ac3ee7,No description provided.,Medium,2
The End?,ch3m5l1cutscene3b,www.ozaria.com,5e27600d1c9d440000ac3ee7,No description provided.,Medium,2
The Outer Lands,ch4m1l1intro1,www.ozaria.com,5f0cb0b7a2492bba0b3520df,No description provided.,Hard,3
Order of Operations,ch4m1l1intro2,www.ozaria.com,5f0cb0b7a2492bba0b3520df,No description provided.,Hard,3
Over Abyss,ch4m1l1l1,www.ozaria.com,5f0cb0b7a2492bba0b3520df,No description provided.,Hard,3
Syntax Shortcuts,ch4m1l1intro3,www.ozaria.com,5f0cb0b7a2492bba0b3520df,No description provided.,Hard,3
What Else,ch4m1l1l2,www.ozaria.com,5f0cb0b7a2492bba0b3520df,No description provided.,Hard,3
Run of Faith,ch4m1l1l3,www.ozaria.com,5f0cb0b7a2492bba0b3520df,No description provided.,Hard,3
Platform Run,ch4m1l1cl1,www.ozaria.com,5f0cb0b7a2492bba0b3520df,No description provided.,Hard,3
Finding the Town,ch4m1l1intro5,www.ozaria.com,5f0cb0b7a2492bba0b3520df,No description provided.,Hard,3
Of Tengshe and Splinters,ch4m1l2intro1,www.ozaria.com,5f0cb0b7a2492bba0b3520df,No description provided.,Hard,3
Less Than Close,ch4m1l2l1,www.ozaria.com,5f0cb0b7a2492bba0b3520df,No description provided.,Hard,3
Everything Can Be Equal,ch4m1l2intro2,www.ozaria.com,5f0cb0b7a2492bba0b3520df,No description provided.,Hard,3
Close Line,ch4m1l2l2,www.ozaria.com,5f0cb0b7a2492bba0b3520df,No description provided.,Hard,3
Between the Distance,ch4m1l2intro3,www.ozaria.com,5f0cb0b7a2492bba0b3520df,No description provided.,Hard,3
Between Enemies,ch4m1l2l3,www.ozaria.com,5f0cb0b7a2492bba0b3520df,No description provided.,Hard,3
Splinters,ch4m1l2l4,www.ozaria.com,5f0cb0b7a2492bba0b3520df,No description provided.,Hard,3
Back Together,ch4m1l2outro,www.ozaria.com,5f0cb0b7a2492bba0b3520df,No description provided.,Hard,3
The Great Teacher,ch4m1l3intro1,www.ozaria.com,5f0cb0b7a2492bba0b3520df,No description provided.,Hard,3
What If If,ch4m1l3l1,www.ozaria.com,5f0cb0b7a2492bba0b3520df,No description provided.,Hard,3
Power of AND,ch4m1l3intro2,www.ozaria.com,5f0cb0b7a2492bba0b3520df,No description provided.,Hard,3
What And,ch4m1l3l2,www.ozaria.com,5f0cb0b7a2492bba0b3520df,No description provided.,Hard,3
And Three More Times,ch4m1l3l3,www.ozaria.com,5f0cb0b7a2492bba0b3520df,No description provided.,Hard,3
Time to Talk,ch4m1l3outro,www.ozaria.com,5f0cb0b7a2492bba0b3520df,No description provided.,Hard,3
The Broken Lands,ch4m1l4intro1,www.ozaria.com,5f0cb0b7a2492bba0b3520df,No description provided.,Hard,3
If Or If,ch4m1l4l1,www.ozaria.com,5f0cb0b7a2492bba0b3520df,No description provided.,Hard,3
OR and NOT,ch4m1l4intro2,www.ozaria.com,5f0cb0b7a2492bba0b3520df,No description provided.,Hard,3
Just Rock It,ch4m1l4l2,www.ozaria.com,5f0cb0b7a2492bba0b3520df,No description provided.,Hard,3
Rocket Up,ch4m1l4l3,www.ozaria.com,5f0cb0b7a2492bba0b3520df,No description provided.,Hard,3
Unblocker,ch4m1l4l4,www.ozaria.com,5f0cb0b7a2492bba0b3520df,No description provided.,Hard,3
Gardening,ch4m1l4l5,www.ozaria.com,5f0cb0b7a2492bba0b3520df,No description provided.,Hard,3
The Leap Back Home,ch4m1l4outro,www.ozaria.com,5f0cb0b7a2492bba0b3520df,No description provided.,Hard,3
Before the Storm,ch4m2l1intro1,www.ozaria.com,5f0cb0b7a2492bba0b3520df,No description provided.,Hard,3
Return to Haven,ch4m2l1l1,www.ozaria.com,5f0cb0b7a2492bba0b3520df,No description provided.,Hard,3
The Path Back,ch4m2l1l2,www.ozaria.com,5f0cb0b7a2492bba0b3520df,No description provided.,Hard,3
Hide and Sneak,ch4m2l1l3,www.ozaria.com,5f0cb0b7a2492bba0b3520df,No description provided.,Hard,3
Back to the Past,ch4m2l1intro2,www.ozaria.com,5f0cb0b7a2492bba0b3520df,No description provided.,Hard,3
The Dragon King,ch4m2l2intro1,www.ozaria.com,5f0cb0b7a2492bba0b3520df,No description provided.,Hard,3
Caterpillars,ch4m2l2l1,www.ozaria.com,5f0cb0b7a2492bba0b3520df,No description provided.,Hard,3
Functions,ch4m2l2intro2,www.ozaria.com,5f0cb0b7a2492bba0b3520df,No description provided.,Hard,3
Pi Jump,ch4m2l2l2,www.ozaria.com,5f0cb0b7a2492bba0b3520df,No description provided.,Hard,3
Functional Rabbit,ch4m2l2intro3,www.ozaria.com,5f0cb0b7a2492bba0b3520df,No description provided.,Hard,3
Crystal Snake,ch4m2l2l3,www.ozaria.com,5f0cb0b7a2492bba0b3520df,No description provided.,Hard,3
Bouncy Snake,ch4m2l2l4,www.ozaria.com,5f0cb0b7a2492bba0b3520df,No description provided.,Hard,3
The Fox Prince,ch4m2l2outro,www.ozaria.com,5f0cb0b7a2492bba0b3520df,No description provided.,Hard,3
Darkness Rising,ch4m2l3intro1,www.ozaria.com,5f0cb0b7a2492bba0b3520df,No description provided.,Hard,3
Elevator,ch4m2l3l1,www.ozaria.com,5f0cb0b7a2492bba0b3520df,No description provided.,Hard,3
The Values Inside,ch4m2l3intro2,www.ozaria.com,5f0cb0b7a2492bba0b3520df,No description provided.,Hard,3
Conveyor Belt,ch4m2l3l2,www.ozaria.com,5f0cb0b7a2492bba0b3520df,No description provided.,Hard,3
Corners,ch4m2l3l3,www.ozaria.com,5f0cb0b7a2492bba0b3520df,No description provided.,Hard,3
Argumented Rectangles,ch4m2l3l4,www.ozaria.com,5f0cb0b7a2492bba0b3520df,No description provided.,Hard,3
Moving On,ch4m2l3outro,www.ozaria.com,5f0cb0b7a2492bba0b3520df,No description provided.,Hard,3
Getting it Done,ch4m2l4intro1,www.ozaria.com,5f0cb0b7a2492bba0b3520df,No description provided.,Hard,3
Steady Delivery,ch4m2l4l1,www.ozaria.com,5f0cb0b7a2492bba0b3520df,No description provided.,Hard,3
Light Delivery,ch4m2l4l2,www.ozaria.com,5f0cb0b7a2492bba0b3520df,No description provided.,Hard,3
Heavy Delivery,ch4m2l4l3,www.ozaria.com,5f0cb0b7a2492bba0b3520df,No description provided.,Hard,3
Incoming,ch4m2l4intro2,www.ozaria.com,5f0cb0b7a2492bba0b3520df,No description provided.,Hard,3
Optional Delivery,ch4m2l4l4,www.ozaria.com,5f0cb0b7a2492bba0b3520df,No description provided.,Hard,3
The Acodus Loop,ch4m2l4outro,www.ozaria.com,5f0cb0b7a2492bba0b3520df,No description provided.,Hard,3
Leading the Charge,ch4m3l1intro1,www.ozaria.com,5f0cb0b7a2492bba0b3520df,No description provided.,Hard,3
Functional Crossing,ch4m3l1l1,www.ozaria.com,5f0cb0b7a2492bba0b3520df,No description provided.,Hard,3
Open Sesame,ch4m3l1l2,www.ozaria.com,5f0cb0b7a2492bba0b3520df,No description provided.,Hard,3
Function Names,ch4m3l1intro2,www.ozaria.com,5f0cb0b7a2492bba0b3520df,No description provided.,Hard,3
Knocking on Haven's Door,ch4m3l1l3,www.ozaria.com,5f0cb0b7a2492bba0b3520df,No description provided.,Hard,3
Bridges of Huaraz County,ch4m3l1l4,www.ozaria.com,5f0cb0b7a2492bba0b3520df,No description provided.,Hard,3
The Right Place,ch4m3l1outro,www.ozaria.com,5f0cb0b7a2492bba0b3520df,No description provided.,Hard,3
Salazar,ch4m3l2intro1,www.ozaria.com,5f0cb0b7a2492bba0b3520df,No description provided.,Hard,3
Functional Crossing,ch4m3l2l1,www.ozaria.com,5f0cb0b7a2492bba0b3520df,No description provided.,Hard,3
Naming Functions,ch4m3l2intro2,www.ozaria.com,5f0cb0b7a2492bba0b3520df,No description provided.,Hard,3
L Rivers,ch4m3l2l2,www.ozaria.com,5f0cb0b7a2492bba0b3520df,No description provided.,Hard,3
Restoring the Past,ch4m3l2intro3,www.ozaria.com,5f0cb0b7a2492bba0b3520df,No description provided.,Hard,3
Through Walls,ch4m3l2l3,www.ozaria.com,5f0cb0b7a2492bba0b3520df,No description provided.,Hard,3
Back to the Good Times,ch4m3l2l4,www.ozaria.com,5f0cb0b7a2492bba0b3520df,No description provided.,Hard,3
Vault Door,ch4m3l2l5,www.ozaria.com,5f0cb0b7a2492bba0b3520df,No description provided.,Hard,3
Master of Misinformation,ch4m3l2intro4,www.ozaria.com,5f0cb0b7a2492bba0b3520df,No description provided.,Hard,3
Refoxion,ch4m3l2cl1,www.ozaria.com,5f0cb0b7a2492bba0b3520df,No description provided.,Hard,3
Restored,ch4m3l2outro,www.ozaria.com,5f0cb0b7a2492bba0b3520df,No description provided.,Hard,3
Salazar,ch4m4l1intro1,www.ozaria.com,5f0cb0b7a2492bba0b3520df,No description provided.,Hard,3
Starting Game,ch4m4l1intro2,www.ozaria.com,5f0cb0b7a2492bba0b3520df,No description provided.,Hard,3
Yum Yum Gems,ch4capstoneex1,www.ozaria.com,5f0cb0b7a2492bba0b3520df,No description provided.,Hard,3
Coordinates Crazy,ch4m4l2intro-1,www.ozaria.com,5f0cb0b7a2492bba0b3520df,No description provided.,Hard,3
Rock Catches Leaf,ch4capstoneex2,www.ozaria.com,5f0cb0b7a2492bba0b3520df,No description provided.,Hard,3
Show How It's Done,ch4m4l3intro-1,www.ozaria.com,5f0cb0b7a2492bba0b3520df,No description provided.,Hard,3
Moth Battle,ch4capstoneex3,www.ozaria.com,5f0cb0b7a2492bba0b3520df,No description provided.,Hard,3
Stage 1,ch4m4l4intro-1,www.ozaria.com,5f0cb0b7a2492bba0b3520df,No description provided.,Hard,3
Curiosity Sandbox,ch4capstone,www.ozaria.com,5f0cb0b7a2492bba0b3520df,No description provided.,Hard,3
Stage 2,ch4m4l4intro-2,www.ozaria.com,5f0cb0b7a2492bba0b3520df,No description provided.,Hard,3
Stage 3,ch4m4l4intro-3,www.ozaria.com,5f0cb0b7a2492bba0b3520df,No description provided.,Hard,3
Beginnings and Endings,ch4cutscene1ending,www.ozaria.com,5f0cb0b7a2492bba0b3520df,No description provided.,Hard,3
Beginnings and Endings,ch4m4l4outro,www.ozaria.com,5f0cb0b7a2492bba0b3520df,No description provided.,Hard,3
